JN_RP_SKINNY_01,1000,DKNY RIPPED JEANS,1752
JN_RP_SKINNY_02,1000,DKNY RIPPED JEANS,2513
JN_RP_SKINNY_03,1000,DKNY RIPPED JEANS,2111
JN_RP_SKINNY_04,1000,DKNY RIPPED JEANS,1800
JN_RP_SKINNY_05,1000,DKNY RIPPED JEANS,1449
JC_OU_PR_01,1000,DENIM JACKET,1270
JC_OU_PR_02,1000,DENIM JACKET,2580
JC_OU_PR_03,1000,DENIM JACKET,2005
JN_ST_TAP_01,1000,LEVIS RIPPED JEANS,1502
JN_ST_TAP_02,1000,LEVIS RIPPED JEANS,2357
JN_ST_TAP_03,1000,LEVIS RIPPED JEANS,2111
JN_ST_TAP_04,1000,LEVIS RIPPED JEANS,1821
WM_LW_CAR_01,1000,BR CARDIGAN,1150
WM_LW_CAR_02,1000,BR CARDIGAN,2330
WM_LW_CAR_03,1000,BR CARDIGAN,1997
SW_COL_01,1000,IS SWEATER,1100
SW_COL_02,1000,IS SWEATER,2280
SW_COL_03,1000,IS SWEATER,1990
SW_COL_04,1000,IS SWEATER,1823
TP_OS_SS_01,1000,LEVIS TOP,1279
TP_OS_SS_02,1000,LEVIS TOP,2346
TP_OS_SS_03,1000,LEVIS TOP,2000
TP_OS_SS_04,1000,LEVIS TOP,1808
TP_MP_01,1000,GAP TOP,1000
TP_MP_02,1000,GAP TOP,2467
TP_MP_03,1000,GAP TOP,2011
TP_MP_04,1000,GAP TOP,1789
YG_HP_LG_01,1000,NIKE ACTIVEWEAR,875
YG_HP_LG_02,1000,NIKE ACTIVEWEAR,2534
YG_HP_LG_03,1000,NIKE ACTIVEWEAR,1867
YG_HP_LG_04,1000,NIKE ACTIVEWEAR,1800
TS_LS_RF_01,1000,Adidas ACTIVEWEAR,1300
TS_LS_RF_02,1000,Adidas ACTIVEWEAR,2354
TS_LS_RF_03,1000,Adidas ACTIVEWEAR,1940
TS_LS_RF_04,1000,Adidas ACTIVEWEAR,1800
TS_LS_RF_05,1000,Adidas ACTIVEWEAR,1467
SK_CA_SL_01,1000,Adidas SKIRT,2429
SK_CA_SL_02,1000,Adidas SKIRT,2379
SK_CA_SL_03,1000,Adidas SKIRT,2002
SK_CA_SL_04,1000,Adidas SKIRT,1795
BP_NF_01,1000,NF BACKPACK,887
5235BLK4604,1000,SPECIALITY WEAR,1000
5235BLK4606,1000,SPECIALITY WEAR,1000
5235BLK4608,1000,SPECIALITY WEAR,1000
5235BLK46010,1000,SPECIALITY WEAR,1000
5235BLK46012,1000,SPECIALITY WEAR,1000
5235BLK46014,1000,SPECIALITY WEAR,1000
5235BLK46016,1000,SPECIALITY WEAR,1000
5235BLK46018,1000,SPECIALITY WEAR,1000
5235CHA4604,1000,SPECIALITY WEAR,1000
5235CHA4606,1000,SPECIALITY WEAR,1000
5235CHA4608,1000,SPECIALITY WEAR,1000
5235CHA46010,1000,SPECIALITY WEAR,1000
5235CHA46012,1000,SPECIALITY WEAR,1000
5235CHA46014,1000,SPECIALITY WEAR,1000
5235CHA46016,1000,SPECIALITY WEAR,1000
5235CHA46018,1000,SPECIALITY WEAR,1000
5235CHO4604,1000,SPECIALITY WEAR,1000
5235CHO4606,1000,SPECIALITY WEAR,1000
5235CHO4608,1000,SPECIALITY WEAR,1000
5235CHO46010,1000,SPECIALITY WEAR,1000
5235CHO46012,1000,SPECIALITY WEAR,1000
5235CHO46014,1000,SPECIALITY WEAR,1000
5235CHO46016,1000,SPECIALITY WEAR,1000
5235CHO46018,1000,SPECIALITY WEAR,1000
5235TPE4604,1000,SPECIALITY WEAR,1000
5235TPE4606,1000,SPECIALITY WEAR,1000
5235TPE4608,1000,SPECIALITY WEAR,1000
5235TPE46010,1000,SPECIALITY WEAR,1000
5235TPE46012,1000,SPECIALITY WEAR,1000
5235TPE46014,1000,SPECIALITY WEAR,1000
5235TPE46016,1000,SPECIALITY WEAR,1000
5235TPE46018,1000,SPECIALITY WEAR,1000
5235NVY4606,1000,SPECIALITY WEAR,1000
5235NVY4608,1000,SPECIALITY WEAR,1000
5235NVY46010,1000,SPECIALITY WEAR,1000
5235NVY46012,1000,SPECIALITY WEAR,1000
5235NVY46014,1000,SPECIALITY WEAR,1000
5235NVY46016,1000,SPECIALITY WEAR,1000
5235NVY46018,1000,SPECIALITY WEAR,1000
5235BLK4772P,1000,SPECIALITY WEAR P,1000
5235BLK4774P,1000,SPECIALITY WEAR P,1000
5235BLK4776P,1000,SPECIALITY WEAR P,1000
5235BLK4778P,1000,SPECIALITY WEAR P,1000
5235BLK47710P,1000,SPECIALITY WEAR P,1000
5235BLK47712P,1000,SPECIALITY WEAR P,1000
5235BLK47714P,1000,SPECIALITY WEAR P,1000
5235BLK47716P,1000,SPECIALITY WEAR P,1000
5235CHO4772P,1000,SPECIALITY WEAR P,1000
5235CHO4774P,1000,SPECIALITY WEAR P,1000
5235CHO4776P,1000,SPECIALITY WEAR P,1000
5235CHO4778P,1000,SPECIALITY WEAR P,1000
5235CHO47710P,1000,SPECIALITY WEAR P,1000
5235CHO47712P,1000,SPECIALITY WEAR P,1000
5235CHO47714P,1000,SPECIALITY WEAR P,1000
5235CHO47716P,1000,SPECIALITY WEAR P,1000
5235CHO47718P,1000,SPECIALITY WEAR P,1000
5235TPE4772P,1000,SPECIALITY WEAR P,1000
5235TPE4774P,1000,SPECIALITY WEAR P,1000
5235TPE4776P,1000,SPECIALITY WEAR P,1000
5235TPE4778P,1000,SPECIALITY WEAR P,1000
5235TPE47710P,1000,SPECIALITY WEAR P,1000
5235TPE47712P,1000,SPECIALITY WEAR P,1000
5235TPE47714P,1000,SPECIALITY WEAR P,1000
5235TPE47716P,1000,SPECIALITY WEAR P,1000
5235TPE47718P,1000,SPECIALITY WEAR P,1000
5235TPE47720P,1000,SPECIALITY WEAR P,1000
5236BLK4604S,1000,SPECIALITY WEAR S,1000
5236BLK4606S,1000,SPECIALITY WEAR S,1000
5236BLK4608S,1000,SPECIALITY WEAR S,1000
5236BLK46010S,1000,SPECIALITY WEAR S,1000
5236BLK46012S,1000,SPECIALITY WEAR S,1000
5236BLK46014S,1000,SPECIALITY WEAR S,1000
5236BLK46016S,1000,SPECIALITY WEAR S,1000
5236BLK46018S,1000,SPECIALITY WEAR S,1000
5236CHA4604S,1000,SPECIALITY WEAR S,1000
5236CHA4606S,1000,SPECIALITY WEAR S,1000
5236CHA4608S,1000,SPECIALITY WEAR S,1000
5236CHA46010S,1000,SPECIALITY WEAR S,1000
5236CHA46012S,1000,SPECIALITY WEAR S,1000
5236CHA46014S,1000,SPECIALITY WEAR S,1000
5236CHA46016S,1000,SPECIALITY WEAR S,1000
5236CHA46018S,1000,SPECIALITY WEAR S,1000
5236CHO4604S,1000,SPECIALITY WEAR S,1000
5236CHO4606S,1000,SPECIALITY WEAR S,1000
5236CHO4608S,1000,SPECIALITY WEAR S,1000
5236CHO46010S,1000,SPECIALITY WEAR S,1000
5236CHO46012S,1000,SPECIALITY WEAR S,1000
5236CHO46014S,1000,SPECIALITY WEAR S,1000
5236CHO46016S,1000,SPECIALITY WEAR S,1000
5236CHO46018S,1000,SPECIALITY WEAR S,1000
5236TPE4604S,1000,SPECIALITY WEAR S,1000
5236TPE4606S,1000,SPECIALITY WEAR S,1000
5236TPE4608S,1000,SPECIALITY WEAR S,1000
5236TPE46010S,1000,SPECIALITY WEAR S,1000
5236TPE46012S,1000,SPECIALITY WEAR S,1000
5236TPE46014S,1000,SPECIALITY WEAR S,1000
5236TPE46016S,1000,SPECIALITY WEAR S,1000
5236TPE46018S,1000,SPECIALITY WEAR S,1000
5236NVY4604S,1000,SPECIALITY WEAR S,1000
5236NVY4606S,1000,SPECIALITY WEAR S,1000
5236NVY4608S,1000,SPECIALITY WEAR S,1000
5236NVY46010S,1000,SPECIALITY WEAR S,1000
5236NVY46012S,1000,SPECIALITY WEAR S,1000
5236NVY46014S,1000,SPECIALITY WEAR S,1000
5236NVY46016S,1000,SPECIALITY WEAR S,1000
5236NVY46018S,1000,SPECIALITY WEAR S,1000
5236BLK4772PS,1000,SPECIALITY WEAR PS,1000
5236BLK4774PS,1000,SPECIALITY WEAR PS,1000
5236BLK4776PS,1000,SPECIALITY WEAR PS,1000
5236BLK4778PS,1000,SPECIALITY WEAR PS,1000
5236BLK47710PS,1000,SPECIALITY WEAR PS,1000
5236BLK47712PS,1000,SPECIALITY WEAR PS,1000
5236BLK47714PS,1000,SPECIALITY WEAR PS,1000
5236BLK47716PS,1000,SPECIALITY WEAR PS,1000
5236CHO4772PS,1000,SPECIALITY WEAR PS,1000
5236CHO4774PS,1000,SPECIALITY WEAR PS,1000
5236CHO4776PS,1000,SPECIALITY WEAR PS,1000
5236CHO4778PS,1000,SPECIALITY WEAR PS,1000
5236CHO47710PS,1000,SPECIALITY WEAR PS,1000
5236CHO47712PS,1000,SPECIALITY WEAR PS,1000
5236CHO47714PS,1000,SPECIALITY WEAR PS,1000
5236CHO47716PS,1000,SPECIALITY WEAR PS,1000
5236TPE4772PS,1000,SPECIALITY WEAR PS,1000
5236TPE4774PS,1000,SPECIALITY WEAR PS,1000
5236TPE4776PS,1000,SPECIALITY WEAR PS,1000
5236TPE4778PS,1000,SPECIALITY WEAR PS,1000
5236TPE47710PS,1000,SPECIALITY WEAR PS,1000
5236TPE47712PS,1000,SPECIALITY WEAR PS,1000
5236TPE47714PS,1000,SPECIALITY WEAR PS,1000
5236TPE47716PS,1000,SPECIALITY WEAR PS,1000
2481QP3JMB2,1000,SPECIALITY WEAR,1000
2481QP3JMB4,1000,SPECIALITY WEAR,1000
2481QP3JMB6,1000,SPECIALITY WEAR,1000
2481QP3JMB8,1000,SPECIALITY WEAR,1000
2481QP3JMB10,1000,SPECIALITY WEAR,1000
2481QP3JMB12,1000,SPECIALITY WEAR,1000
2481QP3JMB14,1000,SPECIALITY WEAR,1000
2481QP3JMB16,1000,SPECIALITY WEAR,1000
2481QP3JMB18,1000,SPECIALITY WEAR,1000
2481QP3JMB20,1000,SPECIALITY WEAR,1000
2481QP3JMC2,1000,SPECIALITY WEAR,1000
2481QP3JMC4,1000,SPECIALITY WEAR,1000
2481QP3JMC6,1000,SPECIALITY WEAR,1000
2481QP3JMC8,1000,SPECIALITY WEAR,1000
2481QP3JMC10,1000,SPECIALITY WEAR,1000
2481QP3JMC12,1000,SPECIALITY WEAR,1000
2481QP3JMC14,1000,SPECIALITY WEAR,1000
2481QP3JMC16,1000,SPECIALITY WEAR,1000
2481QP3JMC18,1000,SPECIALITY WEAR,1000
2481QP3JMC20,1000,SPECIALITY WEAR,1000
2481QP3JMN2,1000,SPECIALITY WEAR,1000
2481QP3JMN4,1000,SPECIALITY WEAR,1000
2481QP3JMN6,1000,SPECIALITY WEAR,1000
2481QP3JMN8,1000,SPECIALITY WEAR,1000
2481QP3JMN10,1000,SPECIALITY WEAR,1000
2481QP3JMN12,1000,SPECIALITY WEAR,1000
2481QP3JMN14,1000,SPECIALITY WEAR,1000
2481QP3JMN16,1000,SPECIALITY WEAR,1000
2481QP3JMN18,1000,SPECIALITY WEAR,1000
2481QP3JMN20,1000,SPECIALITY WEAR,1000
2481QP6JMB2S,1000,SPECIALITY WEAR S,1000
2481QP6JMB4S,1000,SPECIALITY WEAR S,1000
2481QP6JMB6S,1000,SPECIALITY WEAR S,1000
2481QP6JMB8S,1000,SPECIALITY WEAR S,1000
2481QP6JMB10S,1000,SPECIALITY WEAR S,1000
2481QP6JMB12S,1000,SPECIALITY WEAR S,1000
2481QP6JMB14S,1000,SPECIALITY WEAR S,1000
2481QP6JMB16S,1000,SPECIALITY WEAR S,1000
2481QP6JMB18S,1000,SPECIALITY WEAR S,1000
2481QP6JMB20S,1000,SPECIALITY WEAR S,1000
2481QP6JMC2S,1000,SPECIALITY WEAR S,1000
2481QP6JMC4S,1000,SPECIALITY WEAR S,1000
2481QP6JMC6S,1000,SPECIALITY WEAR S,1000
2481QP6JMC8S,1000,SPECIALITY WEAR S,1000
2481QP6JMC10S,1000,SPECIALITY WEAR S,1000
2481QP6JMC12S,1000,SPECIALITY WEAR S,1000
2481QP6JMC14S,1000,SPECIALITY WEAR S,1000
2481QP6JMC16S,1000,SPECIALITY WEAR S,1000
2481QP6JMC18S,1000,SPECIALITY WEAR S,1000
2481QP6JMC20S,1000,SPECIALITY WEAR S,1000
2481QP6JMN2S,1000,SPECIALITY WEAR S,1000
2481QP6JMN4S,1000,SPECIALITY WEAR S,1000
2481QP6JMN6S,1000,SPECIALITY WEAR S,1000
2481QP6JMN8S,1000,SPECIALITY WEAR S,1000
2481QP6JMN10S,1000,SPECIALITY WEAR S,1000
2481QP6JMN12S,1000,SPECIALITY WEAR S,1000
2481QP6JMN14S,1000,SPECIALITY WEAR S,1000
2481QP6JMN16S,1000,SPECIALITY WEAR S,1000
2481QP6JMN18S,1000,SPECIALITY WEAR S,1000
2481QP6JMN20S,1000,SPECIALITY WEAR S,1000
2481QP1JMB2P,1000,SPECIALITY WEAR P,1000
2481QP1JMB4P,1000,SPECIALITY WEAR P,1000
2481QP1JMB6P,1000,SPECIALITY WEAR P,1000
2481QP1JMB8P,1000,SPECIALITY WEAR P,1000
2481QP1JMB10P,1000,SPECIALITY WEAR P,1000
2481QP1JMB12P,1000,SPECIALITY WEAR P,1000
2481QP1JMB14P,1000,SPECIALITY WEAR P,1000
2481QP1JMB16P,1000,SPECIALITY WEAR P,1000
2481QP1JMB18P,1000,SPECIALITY WEAR P,1000
2481QP1JMB20P,1000,SPECIALITY WEAR P,1000
2481QP1JMC2P,1000,SPECIALITY WEAR P,1000
2481QP1JMC4P,1000,SPECIALITY WEAR P,1000
2481QP1JMC6P,1000,SPECIALITY WEAR P,1000
2481QP1JMC8P,1000,SPECIALITY WEAR P,1000
2481QP1JMC10P,1000,SPECIALITY WEAR P,1000
2481QP1JMC12P,1000,SPECIALITY WEAR P,1000
2481QP1JMC14P,1000,SPECIALITY WEAR P,1000
2481QP1JMC16P,1000,SPECIALITY WEAR P,1000
2481QP1JMC18P,1000,SPECIALITY WEAR P,1000
2481QP1JMC20P,1000,SPECIALITY WEAR P,1000
2481QP4JMB2PS,1000,SPECIALITY WEAR PS,1000
2481QP4JMB4PS,1000,SPECIALITY WEAR PS,1000
2481QP4JMB6PS,1000,SPECIALITY WEAR PS,1000
2481QP4JMB8PS,1000,SPECIALITY WEAR PS,1000
2481QP4JMB10PS,1000,SPECIALITY WEAR PS,1000
2481QP4JMB12PS,1000,SPECIALITY WEAR PS,1000
2481QP4JMB14PS,1000,SPECIALITY WEAR PS,1000
2481QP4JMB16PS,1000,SPECIALITY WEAR PS,1000
2481QP4JMB18PS,1000,SPECIALITY WEAR PS,1000
2481QP4JMB20PS,1000,SPECIALITY WEAR PS,1000
2481QP4JMC2PS,1000,SPECIALITY WEAR PS,1000
2481QP4JMC4PS,1000,SPECIALITY WEAR PS,1000
2481QP4JMC6PS,1000,SPECIALITY WEAR PS,1000
2481QP4JMC8PS,1000,SPECIALITY WEAR PS,1000
2481QP4JMC10PS,1000,SPECIALITY WEAR PS,1000
2481QP4JMC12PS,1000,SPECIALITY WEAR PS,1000
2481QP4JMC14PS,1000,SPECIALITY WEAR PS,1000
2481QP4JMC16PS,1000,SPECIALITY WEAR PS,1000
2481QP4JMC18PS,1000,SPECIALITY WEAR PS,1000
2481QP4JMC20PS,1000,SPECIALITY WEAR PS,1000
2481QP2JMB14W,1000,SPECIALITY WEAR W,1000
2481QP2JMB16W,1000,SPECIALITY WEAR W,1000
2481QP2JMB18W,1000,SPECIALITY WEAR W,1000
2481QP2JMB20W,1000,SPECIALITY WEAR W,1000
2481QP2JMB22W,1000,SPECIALITY WEAR W,1000
2481QP2JMB24W,1000,SPECIALITY WEAR W,1000
2481QP2JMB26W,1000,SPECIALITY WEAR W,1000
2481QP2JMB28W,1000,SPECIALITY WEAR W,1000
2481QP2JMB30W,1000,SPECIALITY WEAR W,1000
2481QP2JMB32W,1000,SPECIALITY WEAR W,1000
2481QP2JMC14W,1000,SPECIALITY WEAR W,1000
2481QP2JMC16W,1000,SPECIALITY WEAR W,1000
2481QP2JMC18W,1000,SPECIALITY WEAR W,1000
2481QP2JMC20W,1000,SPECIALITY WEAR W,1000
2481QP2JMC22W,1000,SPECIALITY WEAR W,1000
2481QP2JMC24W,1000,SPECIALITY WEAR W,1000
2481QP2JMC26W,1000,SPECIALITY WEAR W,1000
2481QP2JMC28W,1000,SPECIALITY WEAR W,1000
2481QP2JMC30W,1000,SPECIALITY WEAR W,1000
2481QP2JMC32W,1000,SPECIALITY WEAR W,1000
2481QP2JMT14W,1000,SPECIALITY WEAR W,1000
2481QP2JMT16W,1000,SPECIALITY WEAR W,1000
2481QP2JMT18W,1000,SPECIALITY WEAR W,1000
2481QP2JMT20W,1000,SPECIALITY WEAR W,1000
2481QP2JMT22W,1000,SPECIALITY WEAR W,1000
2481QP2JMT24W,1000,SPECIALITY WEAR W,1000
2481QP2JMT26W,1000,SPECIALITY WEAR W,1000
2481QP2JMT28W,1000,SPECIALITY WEAR W,1000
2481QP2JMT30W,1000,SPECIALITY WEAR W,1000
2481QP2JMT32W,1000,SPECIALITY WEAR W,1000
2481QP2JMN14W,1000,SPECIALITY WEAR W,1000
2481QP2JMN16W,1000,SPECIALITY WEAR W,1000
2481QP2JMN18W,1000,SPECIALITY WEAR W,1000
2481QP2JMN20W,1000,SPECIALITY WEAR W,1000
2481QP2JMN22W,1000,SPECIALITY WEAR W,1000
2481QP2JMN24W,1000,SPECIALITY WEAR W,1000
2481QP2JMN26W,1000,SPECIALITY WEAR W,1000
2481QP2JMN28W,1000,SPECIALITY WEAR W,1000
2481QP2JMN30W,1000,SPECIALITY WEAR W,1000
2481QP2JMN32W,1000,SPECIALITY WEAR W,1000
2481QP7JMB14WP,1000,SPECIALITY WEAR WMPET,1000
2481QP7JMB16WP,1000,SPECIALITY WEAR WMPET,1000
2481QP7JMB18WP,1000,SPECIALITY WEAR WMPET,1000
2481QP7JMB20WP,1000,SPECIALITY WEAR WMPET,1000
2481QP7JMB22WP,1000,SPECIALITY WEAR WMPET,1000
2481QP7JMB24WP,1000,SPECIALITY WEAR WMPET,1000
2481QP7JMB26WP,1000,SPECIALITY WEAR WMPET,1000
2481QP7JMC14WP,1000,SPECIALITY WEAR WMPET,1000
2481QP7JMC16WP,1000,SPECIALITY WEAR WMPET,1000
2481QP7JMC18WP,1000,SPECIALITY WEAR WMPET,1000
2481QP7JMC20WP,1000,SPECIALITY WEAR WMPET,1000
2481QP7JMC22WP,1000,SPECIALITY WEAR WMPET,1000
2481QP7JMC24WP,1000,SPECIALITY WEAR WMPET,1000
2481QP7JMC26WP,1000,SPECIALITY WEAR WMPET,1000
2481QP7JMT14WP,1000,SPECIALITY WEAR WMPET,1000
2481QP7JMT16WP,1000,SPECIALITY WEAR WMPET,1000
2481QP7JMT18WP,1000,SPECIALITY WEAR WMPET,1000
2481QP7JMT20WP,1000,SPECIALITY WEAR WMPET,1000
2481QP7JMT22WP,1000,SPECIALITY WEAR WMPET,1000
2481QP7JMT24WP,1000,SPECIALITY WEAR WMPET,1000
2481QP7JMT26WP,1000,SPECIALITY WEAR WMPET,1000
2481QP7JMN14WP,1000,SPECIALITY WEAR WMPET,1000
2481QP7JMN16WP,1000,SPECIALITY WEAR WMPET,1000
2481QP7JMN18WP,1000,SPECIALITY WEAR WMPET,1000
2481QP7JMN20WP,1000,SPECIALITY WEAR WMPET,1000
2481QP7JMN22WP,1000,SPECIALITY WEAR WMPET,1000
2481QP7JMN24WP,1000,SPECIALITY WEAR WMPET,1000
2481QP7JMN26WP,1000,SPECIALITY WEAR WMPET,1000
2481PF3JMB2,1000,SPECIALITY WEAR,1000
2481PF3JMB4,1000,SPECIALITY WEAR,1000
2481PF3JMB6,1000,SPECIALITY WEAR,1000
2481PF3JMB8,1000,SPECIALITY WEAR,1000
2481PF3JMB10,1000,SPECIALITY WEAR,1000
2481PF3JMB12,1000,SPECIALITY WEAR,1000
2481PF3JMB14,1000,SPECIALITY WEAR,1000
2481PF3JMB16,1000,SPECIALITY WEAR,1000
2481PF3JMB18,1000,SPECIALITY WEAR,1000
2481PF3JMB20,1000,SPECIALITY WEAR,1000
2481PF3JMT2,1000,SPECIALITY WEAR,1000
2481PF3JMT4,1000,SPECIALITY WEAR,1000
2481PF3JMT6,1000,SPECIALITY WEAR,1000
2481PF3JMT8,1000,SPECIALITY WEAR,1000
2481PF3JMT10,1000,SPECIALITY WEAR,1000
2481PF3JMT12,1000,SPECIALITY WEAR,1000
2481PF3JMT14,1000,SPECIALITY WEAR,1000
2481PF3JMT16,1000,SPECIALITY WEAR,1000
2481PF3JMT18,1000,SPECIALITY WEAR,1000
2481PF3JMT20,1000,SPECIALITY WEAR,1000
2481PF3JMN2,1000,SPECIALITY WEAR,1000
2481PF3JMN4,1000,SPECIALITY WEAR,1000
2481PF3JMN6,1000,SPECIALITY WEAR,1000
2481PF3JMN8,1000,SPECIALITY WEAR,1000
2481PF3JMN10,1000,SPECIALITY WEAR,1000
2481PF3JMN12,1000,SPECIALITY WEAR,1000
2481PF3JMN14,1000,SPECIALITY WEAR,1000
2481PF3JMN16,1000,SPECIALITY WEAR,1000
2481PF3JMN18,1000,SPECIALITY WEAR,1000
2481PF3JMN20,1000,SPECIALITY WEAR ,1000
2481PF6JMB2S,1000,SPECIALITY WEAR S,1000
2481PF6JMB4S,1000,SPECIALITY WEAR S,1000
2481PF6JMB6S,1000,SPECIALITY WEAR S,1000
2481PF6JMB8S,1000,SPECIALITY WEAR S,1000
2481PF6JMB10S,1000,SPECIALITY WEAR S,1000
2481PF6JMB12S,1000,SPECIALITY WEAR S,1000
2481PF6JMB14S,1000,SPECIALITY WEAR S,1000
2481PF6JMB16S,1000,SPECIALITY WEAR S,1000
2481PF6JMB18S,1000,SPECIALITY WEAR S,1000
2481PF6JMB20S,1000,SPECIALITY WEAR S,1000
2481PF6JMT2S,1000,SPECIALITY WEAR S,1000
2481PF6JMT4S,1000,SPECIALITY WEAR S,1000
2481PF6JMT6S,1000,SPECIALITY WEAR S,1000
2481PF6JMT8S,1000,SPECIALITY WEAR S,1000
2481PF6JMT10S,1000,SPECIALITY WEAR S,1000
2481PF6JMT12S,1000,SPECIALITY WEAR S,1000
2481PF6JMT14S,1000,SPECIALITY WEAR S,1000
2481PF6JMT16S,1000,SPECIALITY WEAR S,1000
2481PF6JMT18S,1000,SPECIALITY WEAR S,1000
2481PF6JMT20S,1000,SPECIALITY WEAR S,1000
2481PF6JMN2S,1000,SPECIALITY WEAR S,1000
2481PF6JMN4S,1000,SPECIALITY WEAR S,1000
2481PF6JMN6S,1000,SPECIALITY WEAR S,1000
2481PF6JMN8S,1000,SPECIALITY WEAR S,1000
2481PF6JMN10S,1000,SPECIALITY WEAR S,1000
2481PF6JMN12S,1000,SPECIALITY WEAR S,1000
2481PF6JMN14S,1000,SPECIALITY WEAR S,1000
2481PF6JMN16S,1000,SPECIALITY WEAR S,1000
2481PF6JMN18S,1000,SPECIALITY WEAR S,1000
2481PF6JMN20S,1000,SPECIALITY WEAR S,1000
2481PF1JMB2P,1000,SPECIALITY WEAR P,1000
2481PF1JMB4P,1000,SPECIALITY WEAR P,1000
2481PF1JMB6P,1000,SPECIALITY WEAR P,1000
2481PF1JMB8P,1000,SPECIALITY WEAR P,1000
2481PF1JMB10P,1000,SPECIALITY WEAR P,1000
2481PF1JMB12P,1000,SPECIALITY WEAR P,1000
2481PF1JMB14P,1000,SPECIALITY WEAR P,1000
2481PF1JMB16P,1000,SPECIALITY WEAR P,1000
2481PF1JMB18P,1000,SPECIALITY WEAR P,1000
2481PF1JMB20P,1000,SPECIALITY WEAR P,1000
2481PF1JMC2P,1000,SPECIALITY WEAR P,1000
2481PF1JMC4P,1000,SPECIALITY WEAR P,1000
2481PF1JMC6P,1000,SPECIALITY WEAR P,1000
2481PF1JMC8P,1000,SPECIALITY WEAR P,1000
2481PF1JMC10P,1000,SPECIALITY WEAR P,1000
2481PF1JMC12P,1000,SPECIALITY WEAR P,1000
2481PF1JMC14P,1000,SPECIALITY WEAR P,1000
2481PF1JMC16P,1000,SPECIALITY WEAR P,1000
2481PF1JMC18P,1000,SPECIALITY WEAR P,1000
2481PF1JMC20P,1000,SPECIALITY WEAR P,1000
2481PF1JMT2P,1000,SPECIALITY WEAR P,1000
2481PF1JMT4P,1000,SPECIALITY WEAR P,1000
2481PF1JMT6P,1000,SPECIALITY WEAR P,1000
2481PF1JMT8P,1000,SPECIALITY WEAR P,1000
2481PF1JMT10P,1000,SPECIALITY WEAR P,1000
2481PF1JMT12P,1000,SPECIALITY WEAR P,1000
2481PF1JMT14P,1000,SPECIALITY WEAR P,1000
2481PF1JMT16P,1000,SPECIALITY WEAR P,1000
2481PF1JMT18P,1000,SPECIALITY WEAR P,1000
2481PF1JMT20P,1000,SPECIALITY WEAR P,1000
2481PF1JMN2P,1000,SPECIALITY WEAR P,1000
2481PF1JMN4P,1000,SPECIALITY WEAR P,1000
2481PF1JMN6P,1000,SPECIALITY WEAR P,1000
2481PF1JMN8P,1000,SPECIALITY WEAR P,1000
2481PF1JMN10P,1000,SPECIALITY WEAR P,1000
2481PF1JMN12P,1000,SPECIALITY WEAR P,1000
2481PF1JMN14P,1000,SPECIALITY WEAR P,1000
2481PF1JMN16P,1000,SPECIALITY WEAR P,1000
2481PF1JMN18P,1000,SPECIALITY WEAR P,1000
2481PF1JMN20P,1000,SPECIALITY WEAR P,1000
2481PF4JMB2PS,1000,SPECIALITY WEAR PS,1000
2481PF4JMB4PS,1000,SPECIALITY WEAR PS,1000
2481PF4JMB6PS,1000,SPECIALITY WEAR PS,1000
2481PF4JMB8PS,1000,SPECIALITY WEAR PS,1000
2481PF4JMB10PS,1000,SPECIALITY WEAR PS,1000
2481PF4JMB12PS,1000,SPECIALITY WEAR PS,1000
2481PF4JMB14PS,1000,SPECIALITY WEAR PS,1000
2481PF4JMB16PS,1000,SPECIALITY WEAR PS,1000
2481PF4JMB18PS,1000,SPECIALITY WEAR PS,1000
2481PF4JMB20PS,1000,SPECIALITY WEAR PS,1000
2481PF4JMC2PS,1000,SPECIALITY WEAR PS,1000
2481PF4JMC4PS,1000,SPECIALITY WEAR PS,1000
2481PF4JMC6PS,1000,SPECIALITY WEAR PS,1000
2481PF4JMC8PS,1000,SPECIALITY WEAR PS,1000
2481PF4JMC10PS,1000,SPECIALITY WEAR PS,1000
2481PF4JMC12PS,1000,SPECIALITY WEAR PS,1000
2481PF4JMC14PS,1000,SPECIALITY WEAR PS,1000
2481PF4JMC16PS,1000,SPECIALITY WEAR PS,1000
2481PF4JMC18PS,1000,SPECIALITY WEAR PS,1000
2481PF4JMC20PS,1000,SPECIALITY WEAR PS,1000
2481PF4JMT2PS,1000,SPECIALITY WEAR PS,1000
2481PF4JMT4PS,1000,SPECIALITY WEAR PS,1000
2481PF4JMT6PS,1000,SPECIALITY WEAR PS,1000
2481PF4JMT8PS,1000,SPECIALITY WEAR PS,1000
2481PF4JMT10PS,1000,SPECIALITY WEAR PS,1000
2481PF4JMT12PS,1000,SPECIALITY WEAR PS,1000
2481PF4JMT14PS,1000,SPECIALITY WEAR PS,1000
2481PF4JMT16PS,1000,SPECIALITY WEAR PS,1000
2481PF4JMT18PS,1000,SPECIALITY WEAR PS,1000
2481PF4JMT20PS,1000,SPECIALITY WEAR PS,1000
2481PF4JMN2PS,1000,SPECIALITY WEAR PS,1000
2481PF4JMN4PS,1000,SPECIALITY WEAR PS,1000
2481PF4JMN6PS,1000,SPECIALITY WEAR PS,1000
2481PF4JMN8PS,1000,SPECIALITY WEAR PS,1000
2481PF4JMN10PS,1000,SPECIALITY WEAR PS,1000
2481PF4JMN12PS,1000,SPECIALITY WEAR PS,1000
2481PF4JMN14PS,1000,SPECIALITY WEAR PS,1000
2481PF4JMN16PS,1000,SPECIALITY WEAR PS,1000
2481PF4JMN18PS,1000,SPECIALITY WEAR PS,1000
2481PF4JMN20PS,1000,SPECIALITY WEAR PS,1000
2481PF0JMB14WPS,1000,SPECIALITY WEAR WP/S,1000
2481PF0JMB16WPS,1000,SPECIALITY WEAR WP/S,1000
2481PF0JMB18WPS,1000,SPECIALITY WEAR WP/S,1000
2481PF0JMB20WPS,1000,SPECIALITY WEAR WP/S,1000
2481PF0JMB22WPS,1000,SPECIALITY WEAR WP/S,1000
2481PF0JMB24WPS,1000,SPECIALITY WEAR WP/S,1000
2481PF0JMB26WPS,1000,SPECIALITY WEAR WP/S,1000
2481PF0JMC14WPS,1000,SPECIALITY WEAR WP/S,1000
2481PF0JMC16WPS,1000,SPECIALITY WEAR WP/S,1000
2481PF0JMC18WPS,1000,SPECIALITY WEAR WP/S,1000
2481PF0JMC20WPS,1000,SPECIALITY WEAR WP/S,1000
2481PF0JMC22WPS,1000,SPECIALITY WEAR WP/S,1000
2481PF0JMC24WPS,1000,SPECIALITY WEAR WP/S,1000
2481PF0JMC26WPS,1000,SPECIALITY WEAR WP/S,1000
2481PF0JMN14WPS,1000,SPECIALITY WEAR WP/S,1000
2481PF0JMN16WPS,1000,SPECIALITY WEAR WP/S,1000
2481PF0JMN18WPS,1000,SPECIALITY WEAR WP/S,1000
2481PF0JMN20WPS,1000,SPECIALITY WEAR WP/S,1000
2481PF0JMN22WPS,1000,SPECIALITY WEAR WP/S,1000
2481PF0JMN24WPS,1000,SPECIALITY WEAR WP/S,1000
2481PF0JMN26WPS,1000,SPECIALITY WEAR WP/S,1000
2481PF0JMT14WPS,1000,SPECIALITY WEAR WP/S,1000
2481PF0JMT16WPS,1000,SPECIALITY WEAR WP/S,1000
2481PF0JMT18WPS,1000,SPECIALITY WEAR WP/S,1000
2481PF0JMT20WPS,1000,SPECIALITY WEAR WP/S,1000
2481PF0JMT22WPS,1000,SPECIALITY WEAR WP/S,1000
2481PF0JMT24WPS,1000,SPECIALITY WEAR WP/S,1000
2481PF0JMT26WPS,1000,SPECIALITY WEAR WP/S,1000
2481PF2JMB14W,1000,SPECIALITY WEAR W,1000
2481PF2JMB16W,1000,SPECIALITY WEAR W,1000
2481PF2JMB18W,1000,SPECIALITY WEAR W,1000
2481PF2JMB20W,1000,SPECIALITY WEAR W,1000
2481PF2JMB22W,1000,SPECIALITY WEAR W,1000
2481PF2JMB24W,1000,SPECIALITY WEAR W,1000
2481PF2JMB26W,1000,SPECIALITY WEAR W,1000
2481PF2JMB28W,1000,SPECIALITY WEAR W,1000
2481PF2JMB30W,1000,SPECIALITY WEAR W,1000
2481PF2JMB32W,1000,SPECIALITY WEAR W,1000
2481PF2JMN14W,1000,SPECIALITY WEAR W,1000
2481PF2JMN16W,1000,SPECIALITY WEAR W,1000
2481PF2JMN18W,1000,SPECIALITY WEAR W,1000
2481PF2JMN20W,1000,SPECIALITY WEAR W,1000
2481PF2JMN22W,1000,SPECIALITY WEAR W,1000
2481PF2JMN24W,1000,SPECIALITY WEAR W,1000
2481PF2JMN26W,1000,SPECIALITY WEAR W,1000
2481PF2JMN28W,1000,SPECIALITY WEAR W,1000
2481PF2JMN30W,1000,SPECIALITY WEAR W,1000
2481PF2JMN32W,1000,SPECIALITY WEAR W,1000
2481PF2JMC14W,1000,SPECIALITY WEAR W,1000
2481PF2JMC16W,1000,SPECIALITY WEAR W,1000
2481PF2JMC18W,1000,SPECIALITY WEAR W,1000
2481PF2JMC20W,1000,SPECIALITY WEAR W,1000
2481PF2JMC22W,1000,SPECIALITY WEAR W,1000
2481PF2JMC24W,1000,SPECIALITY WEAR W,1000
2481PF2JMC26W,1000,SPECIALITY WEAR W,1000
2481PF2JMC28W,1000,SPECIALITY WEAR W,1000
2481PF2JMC30W,1000,SPECIALITY WEAR W,1000
2481PF2JMC32W,1000,SPECIALITY WEAR W,1000
2481PF2JMT14W,1000,SPECIALITY WEAR W,1000
2481PF2JMT16W,1000,SPECIALITY WEAR W,1000
2481PF2JMT18W,1000,SPECIALITY WEAR W,1000
2481PF2JMT20W,1000,SPECIALITY WEAR W,1000
2481PF2JMT22W,1000,SPECIALITY WEAR W,1000
2481PF2JMT24W,1000,SPECIALITY WEAR W,1000
2481PF2JMT26W,1000,SPECIALITY WEAR W,1000
2481PF2JMT28W,1000,SPECIALITY WEAR W,1000
2481PF2JMT30W,1000,SPECIALITY WEAR W,1000
2481PF2JMT32W,1000,SPECIALITY WEAR W,1000
2481PF7JMB14WP,1000,SPECIALITY WEAR WMPET,1000
2481PF7JMB16WP,1000,SPECIALITY WEAR WMPET,1000
2481PF7JMB18WP,1000,SPECIALITY WEAR WMPET,1000
2481PF7JMB20WP,1000,SPECIALITY WEAR WMPET,1000
2481PF7JMB22WP,1000,SPECIALITY WEAR WMPET,1000
2481PF7JMB24WP,1000,SPECIALITY WEAR WMPET,1000
2481PF7JMB26WP,1000,SPECIALITY WEAR WMPET,1000
2481PF7JMC14WP,1000,SPECIALITY WEAR WMPET,1000
2481PF7JMC16WP,1000,SPECIALITY WEAR WMPET,1000
2481PF7JMC18WP,1000,SPECIALITY WEAR WMPET,1000
2481PF7JMC20WP,1000,SPECIALITY WEAR WMPET,1000
2481PF7JMC22WP,1000,SPECIALITY WEAR WMPET,1000
2481PF7JMC24WP,1000,SPECIALITY WEAR WMPET,1000
2481PF7JMC26WP,1000,SPECIALITY WEAR WMPET,1000
2481PF7JMT14WP,1000,SPECIALITY WEAR WMPET,1000
2481PF7JMT16WP,1000,SPECIALITY WEAR WMPET,1000
2481PF7JMT18WP,1000,SPECIALITY WEAR WMPET,1000
2481PF7JMT20WP,1000,SPECIALITY WEAR WMPET,1000
2481PF7JMT22WP,1000,SPECIALITY WEAR WMPET,1000
2481PF7JMT24WP,1000,SPECIALITY WEAR WMPET,1000
2481PF7JMT26WP,1000,SPECIALITY WEAR WMPET,1000
2481PF7JMN14WP,1000,SPECIALITY WEAR WMPET,1000
2481PF7JMN16WP,1000,SPECIALITY WEAR WMPET,1000
2481PF7JMN18WP,1000,SPECIALITY WEAR WMPET,1000
2481PF7JMN20WP,1000,SPECIALITY WEAR WMPET,1000
2481PF7JMN22WP,1000,SPECIALITY WEAR WMPET,1000
2481PF7JMN24WP,1000,SPECIALITY WEAR WMPET,1000
2481PF7JMN26WP,1000,SPECIALITY WEAR WMPET,1000
4739BLK4604,1000,SPECIALITY WEAR,1000
4739BLK4606,1000,SPECIALITY WEAR,1000
4739BLK4608,1000,SPECIALITY WEAR,1000
4739BLK46010,1000,SPECIALITY WEAR,1000
4739BLK46012,1000,SPECIALITY WEAR,1000
4739BLK46014,1000,SPECIALITY WEAR,1000
4739BLK46016,1000,SPECIALITY WEAR,1000
4739BLK46018,1000,SPECIALITY WEAR,1000
4739CHA4604,1000,SPECIALITY WEAR,1000
4739CHA4606,1000,SPECIALITY WEAR,1000
4739CHA4608,1000,SPECIALITY WEAR,1000
4739CHA46010,1000,SPECIALITY WEAR,1000
4739CHA46012,1000,SPECIALITY WEAR,1000
4739CHA46014,1000,SPECIALITY WEAR,1000
4739CHA46016,1000,SPECIALITY WEAR,1000
4739CHA46018,1000,SPECIALITY WEAR,1000
4739CHO4604,1000,SPECIALITY WEAR,1000
4739CHO4606,1000,SPECIALITY WEAR,1000
4739CHO4608,1000,SPECIALITY WEAR,1000
4739CHO46010,1000,SPECIALITY WEAR,1000
4739CHO46012,1000,SPECIALITY WEAR,1000
4739CHO46014,1000,SPECIALITY WEAR,1000
4739CHO46016,1000,SPECIALITY WEAR,1000
4739CHO46018,1000,SPECIALITY WEAR,1000
50730BH4602,1000,SPECIALITY WEAR,1000
50730BH4604,1000,SPECIALITY WEAR,1000
50730BH4606,1000,SPECIALITY WEAR,1000
50730BH4608,1000,SPECIALITY WEAR,1000
50730BH46010,1000,SPECIALITY WEAR,1000
50730BH46012,1000,SPECIALITY WEAR,1000
50730BH46014,1000,SPECIALITY WEAR,1000
50730BH46016,1000,SPECIALITY WEAR,1000
50730BH46018,1000,SPECIALITY WEAR,1000
50730BH46020,1000,SPECIALITY WEAR,1000
50731BH4602S,1000,SPECIALITY WEAR S,1000
50731BH4604S,1000,SPECIALITY WEAR S,1000
50731BH4606S,1000,SPECIALITY WEAR S,1000
50731BH4608S,1000,SPECIALITY WEAR S,1000
50731BH46010S,1000,SPECIALITY WEAR S,1000
50731BH46012S,1000,SPECIALITY WEAR S,1000
50731BH46014S,1000,SPECIALITY WEAR S,1000
50731BH46016S,1000,SPECIALITY WEAR S,1000
50731BH46018S,1000,SPECIALITY WEAR S,1000
50731BH46020S,1000,SPECIALITY WEAR S,1000
50738BL4602,1000,SPECIALITY WEAR,1000
50738BL4604,1000,SPECIALITY WEAR,1000
50738BL4606,1000,SPECIALITY WEAR,1000
50738BL4608,1000,SPECIALITY WEAR,1000
50738BL46010,1000,SPECIALITY WEAR,1000
50738BL46012,1000,SPECIALITY WEAR,1000
50738BL46014,1000,SPECIALITY WEAR,1000
50738BL46016,1000,SPECIALITY WEAR,1000
50738BL46018,1000,SPECIALITY WEAR,1000
50738BL46020,1000,SPECIALITY WEAR,1000
50742BL4602,1000,SPECIALITY WEAR,1000
50742BL4604,1000,SPECIALITY WEAR,1000
50742BL4606,1000,SPECIALITY WEAR,1000
50742BL4608,1000,SPECIALITY WEAR,1000
50742BL46010,1000,SPECIALITY WEAR,1000
50742BL46012,1000,SPECIALITY WEAR,1000
50742BL46014,1000,SPECIALITY WEAR,1000
50742BL46016,1000,SPECIALITY WEAR,1000
50742BL46018,1000,SPECIALITY WEAR,1000
50742BL46020,1000,SPECIALITY WEAR,1000
50744BR4602,1000,SPECIALITY WEAR,1000
50744BR4604,1000,SPECIALITY WEAR,1000
50744BR4606,1000,SPECIALITY WEAR,1000
50744BR4608,1000,SPECIALITY WEAR,1000
50744BR46010,1000,SPECIALITY WEAR,1000
50744BR46012,1000,SPECIALITY WEAR,1000
50744BR46014,1000,SPECIALITY WEAR,1000
50744BR46016,1000,SPECIALITY WEAR,1000
50744BR46018,1000,SPECIALITY WEAR,1000
50744BR46020,1000,SPECIALITY WEAR,1000
50739BL4602S,1000,SPECIALITY WEAR S,1000
50739BL4604S,1000,SPECIALITY WEAR S,1000
50739BL4606S,1000,SPECIALITY WEAR S,1000
50739BL4608S,1000,SPECIALITY WEAR S,1000
50739BL46010S,1000,SPECIALITY WEAR S,1000
50739BL46012S,1000,SPECIALITY WEAR S,1000
50739BL46014S,1000,SPECIALITY WEAR S,1000
50739BL46016S,1000,SPECIALITY WEAR S,1000
50739BL46018S,1000,SPECIALITY WEAR S,1000
50739BL46020S,1000,SPECIALITY WEAR S,1000
50743BL4602S,1000,SPECIALITY WEAR S,1000
50743BL4604S,1000,SPECIALITY WEAR S,1000
50743BL4606S,1000,SPECIALITY WEAR S,1000
50743BL4608S,1000,SPECIALITY WEAR S,1000
50743BL46010S,1000,SPECIALITY WEAR S,1000
50743BL46012S,1000,SPECIALITY WEAR S,1000
50743BL46014S,1000,SPECIALITY WEAR S,1000
50743BL46016S,1000,SPECIALITY WEAR S,1000
50743BL46018S,1000,SPECIALITY WEAR S,1000
50743BL46020S,1000,SPECIALITY WEAR S,1000
50745BR4602S,1000,SPECIALITY WEAR S,1000
50745BR4604S,1000,SPECIALITY WEAR S,1000
50745BR4606S,1000,SPECIALITY WEAR S,1000
50745BR4608S,1000,SPECIALITY WEAR S,1000
50745BR46010S,1000,SPECIALITY WEAR S,1000
50745BR46012S,1000,SPECIALITY WEAR S,1000
50745BR46014S,1000,SPECIALITY WEAR S,1000
50745BR46016S,1000,SPECIALITY WEAR S,1000
50745BR46018S,1000,SPECIALITY WEAR S,1000
50745BR46020S,1000,SPECIALITY WEAR S,1000
50730BH4772P,1000,SPECIALITY WEAR P,1000
50730BH4774P,1000,SPECIALITY WEAR P,1000
50730BH4776P,1000,SPECIALITY WEAR P,1000
50730BH4778P,1000,SPECIALITY WEAR P,1000
50730BH47710P,1000,SPECIALITY WEAR P,1000
50730BH47712P,1000,SPECIALITY WEAR P,1000
50730BH47714P,1000,SPECIALITY WEAR P,1000
50730BH47716P,1000,SPECIALITY WEAR P,1000
50730BH47718P,1000,SPECIALITY WEAR P,1000
50730BH47720P,1000,SPECIALITY WEAR P,1000
50731BH4772PS,1000,SPECIALITY WEAR PS,1000
50731BH4774PS,1000,SPECIALITY WEAR PS,1000
50731BH4776PS,1000,SPECIALITY WEAR PS,1000
50731BH4778PS,1000,SPECIALITY WEAR PS,1000
50731BH47710PS,1000,SPECIALITY WEAR PS,1000
50731BH47712PS,1000,SPECIALITY WEAR PS,1000
50731BH47714PS,1000,SPECIALITY WEAR PS,1000
50731BH47716PS,1000,SPECIALITY WEAR PS,1000
50731BH47718PS,1000,SPECIALITY WEAR PS,1000
50731BH47720PS,1000,SPECIALITY WEAR PS,1000
50738BL4772P,1000,SPECIALITY WEAR P,1000
50738BL4774P,1000,SPECIALITY WEAR P,1000
50738BL4776P,1000,SPECIALITY WEAR P,1000
50738BL4778P,1000,SPECIALITY WEAR P,1000
50738BL47710P,1000,SPECIALITY WEAR P,1000
50738BL47712P,1000,SPECIALITY WEAR P,1000
50738BL47714P,1000,SPECIALITY WEAR P,1000
50738BL47716P,1000,SPECIALITY WEAR P,1000
50738BL47718P,1000,SPECIALITY WEAR P,1000
50738BL47720P,1000,SPECIALITY WEAR P,1000
50739BL4772PS,1000,SPECIALITY WEAR PS,1000
50739BL4774PS,1000,SPECIALITY WEAR PS,1000
50739BL4776PS,1000,SPECIALITY WEAR PS,1000
50739BL4778PS,1000,SPECIALITY WEAR PS,1000
50739BL47710PS,1000,SPECIALITY WEAR PS,1000
50739BL47712PS,1000,SPECIALITY WEAR PS,1000
50739BL47714PS,1000,SPECIALITY WEAR PS,1000
50739BL47716PS,1000,SPECIALITY WEAR PS,1000
50739BL47718PS,1000,SPECIALITY WEAR PS,1000
50739BL47720PS,1000,SPECIALITY WEAR PS,1000
50742BL4772P,1000,SPECIALITY WEAR P,1000
50742BL4774P,1000,SPECIALITY WEAR P,1000
50742BL4776P,1000,SPECIALITY WEAR P,1000
50742BL4778P,1000,SPECIALITY WEAR P,1000
50742BL47710P,1000,SPECIALITY WEAR P,1000
50742BL47712P,1000,SPECIALITY WEAR P,1000
50742BL47714P,1000,SPECIALITY WEAR P,1000
50742BL47716P,1000,SPECIALITY WEAR P,1000
50742BL47718P,1000,SPECIALITY WEAR P,1000
50742BL47720P,1000,SPECIALITY WEAR P,1000
50742BR4772P,1000,SPECIALITY WEAR P,1000
50742BR4774P,1000,SPECIALITY WEAR P,1000
50742BR4776P,1000,SPECIALITY WEAR P,1000
50742BR4778P,1000,SPECIALITY WEAR P,1000
50742BR47710P,1000,SPECIALITY WEAR P,1000
50742BR47712P,1000,SPECIALITY WEAR P,1000
50742BR47714P,1000,SPECIALITY WEAR P,1000
50742BR47716P,1000,SPECIALITY WEAR P,1000
50742BR47718P,1000,SPECIALITY WEAR P,1000
50742BR47720P,1000,SPECIALITY WEAR P,1000
50743BL4772PS,1000,SPECIALITY WEAR PS,1000
50743BL4774PS,1000,SPECIALITY WEAR PS,1000
50743BL4776PS,1000,SPECIALITY WEAR PS,1000
50743BL4778PS,1000,SPECIALITY WEAR PS,1000
50743BL47710PS,1000,SPECIALITY WEAR PS,1000
50743BL47712PS,1000,SPECIALITY WEAR PS,1000
50743BL47714PS,1000,SPECIALITY WEAR PS,1000
50743BL47716PS,1000,SPECIALITY WEAR PS,1000
50743BL47718PS,1000,SPECIALITY WEAR PS,1000
50743BL47720PS,1000,SPECIALITY WEAR PS,1000
50743BR4772PS,1000,SPECIALITY WEAR PS,1000
50743BR4774PS,1000,SPECIALITY WEAR PS,1000
50743BR4776PS,1000,SPECIALITY WEAR PS,1000
50743BR4778PS,1000,SPECIALITY WEAR PS,1000
50743BR47710PS,1000,SPECIALITY WEAR PS,1000
50743BR47712PS,1000,SPECIALITY WEAR PS,1000
50743BR47714PS,1000,SPECIALITY WEAR PS,1000
50743BR47716PS,1000,SPECIALITY WEAR PS,1000
50743BR47718PS,1000,SPECIALITY WEAR PS,1000
50743BR47720PS,1000,SPECIALITY WEAR PS,1000
50752BR47214W,1000,SPECIALITY WEAR W,1000
50752BR47216W,1000,SPECIALITY WEAR W,1000
50752BR47218W,1000,SPECIALITY WEAR W,1000
50752BR47220W,1000,SPECIALITY WEAR W,1000
50752BR47222W,1000,SPECIALITY WEAR W,1000
50752BR47224W,1000,SPECIALITY WEAR W,1000
50752BR47226W,1000,SPECIALITY WEAR W,1000
50752BR47228W,1000,SPECIALITY WEAR W,1000
50752BR47230W,1000,SPECIALITY WEAR W,1000
50752BR47232W,1000,SPECIALITY WEAR W,1000
50753BR47214WP,1000,SPECIALITY WEAR WMPET,1000
50753BR47216WP,1000,SPECIALITY WEAR WMPET,1000
50753BR47218WP,1000,SPECIALITY WEAR WMPET,1000
50753BR47220WP,1000,SPECIALITY WEAR WMPET,1000
50753BR47222WP,1000,SPECIALITY WEAR WMPET,1000
50753BR47224WP,1000,SPECIALITY WEAR WMPET,1000
50753BR47226WP,1000,SPECIALITY WEAR WMPET,1000
50754BL47214W,1000,SPECIALITY WEAR W,1000
50754BL47216W,1000,SPECIALITY WEAR W,1000
50754BL47218W,1000,SPECIALITY WEAR W,1000
50754BL47220W,1000,SPECIALITY WEAR W,1000
50754BL47222W,1000,SPECIALITY WEAR W,1000
50754BL47224W,1000,SPECIALITY WEAR W,1000
50754BL47226W,1000,SPECIALITY WEAR W,1000
50754BL47228W,1000,SPECIALITY WEAR W,1000
50754BL47230W,1000,SPECIALITY WEAR W,1000
50754BL47232W,1000,SPECIALITY WEAR W,1000
50755BL47214WP,1000,SPECIALITY WEAR WMPET,1000
50755BL47216WP,1000,SPECIALITY WEAR WMPET,1000
50755BL47218WP,1000,SPECIALITY WEAR WMPET,1000
50755BL47220WP,1000,SPECIALITY WEAR WMPET,1000
50755BL47222WP,1000,SPECIALITY WEAR WMPET,1000
50755BL47224WP,1000,SPECIALITY WEAR WMPET,1000
50755BL47226WP,1000,SPECIALITY WEAR WMPET,1000
5570BLK47214W,1000,SPECIALITY WEAR W,1000
5570BLK47216W,1000,SPECIALITY WEAR W,1000
5570BLK47218W,1000,SPECIALITY WEAR W,1000
5570BLK47220W,1000,SPECIALITY WEAR W,1000
5570BLK47222W,1000,SPECIALITY WEAR W,1000
5570BLK47224W,1000,SPECIALITY WEAR W,1000
5570BLK47226W,1000,SPECIALITY WEAR W,1000
5570BLK47228W,1000,SPECIALITY WEAR W,1000
5570BLK47230W,1000,SPECIALITY WEAR W,1000
5570BLK47232W,1000,SPECIALITY WEAR W,1000
5570CHA47214W,1000,SPECIALITY WEAR W,1000
5570CHA47216W,1000,SPECIALITY WEAR W,1000
5570CHA47218W,1000,SPECIALITY WEAR W,1000
5570CHA47220W,1000,SPECIALITY WEAR W,1000
5570CHA47222W,1000,SPECIALITY WEAR W,1000
5570CHA47224W,1000,SPECIALITY WEAR W,1000
5570CHA47226W,1000,SPECIALITY WEAR W,1000
5570CHA47228W,1000,SPECIALITY WEAR W,1000
5570CHA47230W,1000,SPECIALITY WEAR W,1000
5570CHA47232W,1000,SPECIALITY WEAR W,1000
5570CHO47214W,1000,SPECIALITY WEAR W,1000
5570CHO47216W,1000,SPECIALITY WEAR W,1000
5570CHO47218W,1000,SPECIALITY WEAR W,1000
5570CHO47220W,1000,SPECIALITY WEAR W,1000
5570CHO47222W,1000,SPECIALITY WEAR W,1000
5570CHO47224W,1000,SPECIALITY WEAR W,1000
5570CHO47226W,1000,SPECIALITY WEAR W,1000
5570CHO47228W,1000,SPECIALITY WEAR W,1000
5570CHO47230W,1000,SPECIALITY WEAR W,1000
5570CHO47232W,1000,SPECIALITY WEAR W,1000
5570NVY47214W,1000,SPECIALITY WEAR W,1000
5570NVY47216W,1000,SPECIALITY WEAR W,1000
5570NVY47218W,1000,SPECIALITY WEAR W,1000
5570NVY47220W,1000,SPECIALITY WEAR W,1000
5570NVY47222W,1000,SPECIALITY WEAR W,1000
5570NVY47224W,1000,SPECIALITY WEAR W,1000
5570NVY47226W,1000,SPECIALITY WEAR W,1000
5570NVY47228W,1000,SPECIALITY WEAR W,1000
5570NVY47230W,1000,SPECIALITY WEAR W,1000
5570NVY47232W,1000,SPECIALITY WEAR W,1000
5571BLK47214WP,1000,SPECIALITY WEAR WMPET,1000
5571BLK47216WP,1000,SPECIALITY WEAR WMPET,1000
5571BLK47218WP,1000,SPECIALITY WEAR WMPET,1000
5571BLK47220WP,1000,SPECIALITY WEAR WMPET,1000
5571BLK47222WP,1000,SPECIALITY WEAR WMPET,1000
5571BLK47224WP,1000,SPECIALITY WEAR WMPET,1000
5571CHA47214WP,1000,SPECIALITY WEAR WMPET,1000
5571CHA47216WP,1000,SPECIALITY WEAR WMPET,1000
5571CHA47218WP,1000,SPECIALITY WEAR WMPET,1000
5571CHA47220WP,1000,SPECIALITY WEAR WMPET,1000
5571CHA47222WP,1000,SPECIALITY WEAR WMPET,1000
5571CHA47224WP,1000,SPECIALITY WEAR WMPET,1000
5571CHO47214WP,1000,SPECIALITY WEAR WMPET,1000
5571CHO47216WP,1000,SPECIALITY WEAR WMPET,1000
5571CHO47218WP,1000,SPECIALITY WEAR WMPET,1000
5571CHO47220WP,1000,SPECIALITY WEAR WMPET,1000
5571CHO47222WP,1000,SPECIALITY WEAR WMPET,1000
5571CHO47224WP,1000,SPECIALITY WEAR WMPET,1000
5571NVY47214WP,1000,SPECIALITY WEAR WMPET,1000
5571NVY47216WP,1000,SPECIALITY WEAR WMPET,1000
5571NVY47218WP,1000,SPECIALITY WEAR WMPET,1000
5571NVY47220WP,1000,SPECIALITY WEAR WMPET,1000
5571NVY47222WP,1000,SPECIALITY WEAR WMPET,1000
5571NVY47224WP,1000,SPECIALITY WEAR WMPET,1000
40630BL4602,1000,SPECIALITY WEAR,1000
40630BL4604,1000,SPECIALITY WEAR,1000
40630BL4606,1000,SPECIALITY WEAR,1000
40630BL4608,1000,SPECIALITY WEAR,1000
40630BL46010,1000,SPECIALITY WEAR,1000
40630BL46012,1000,SPECIALITY WEAR,1000
40630BL46014,1000,SPECIALITY WEAR,1000
40630BL46016,1000,SPECIALITY WEAR,1000
40630BL46018,1000,SPECIALITY WEAR,1000
40630BL46020,1000,SPECIALITY WEAR,1000
50758BL4602,1000,SPECIALITY WEAR,1000
50758BL4604,1000,SPECIALITY WEAR,1000
50758BL4606,1000,SPECIALITY WEAR,1000
50758BL4608,1000,SPECIALITY WEAR,1000
50758BL46010,1000,SPECIALITY WEAR,1000
50758BL46012,1000,SPECIALITY WEAR,1000
50758BL46014,1000,SPECIALITY WEAR,1000
50758BL46016,1000,SPECIALITY WEAR,1000
50758BL46018,1000,SPECIALITY WEAR,1000
50758BL46020,1000,SPECIALITY WEAR,1000
50759BL4602S,1000,SPECIALITY WEAR S,1000
50759BL4604S,1000,SPECIALITY WEAR S,1000
50759BL4606S,1000,SPECIALITY WEAR S,1000
50759BL4608S,1000,SPECIALITY WEAR S,1000
50759BL46010S,1000,SPECIALITY WEAR S,1000
50759BL46012S,1000,SPECIALITY WEAR S,1000
50759BL46014S,1000,SPECIALITY WEAR S,1000
50759BL46016S,1000,SPECIALITY WEAR S,1000
50759BL46018S,1000,SPECIALITY WEAR S,1000
50759BL46020S,1000,SPECIALITY WEAR S,1000
50758BL4772P,1000,SPECIALITY WEAR P,1000
50758BL4774P,1000,SPECIALITY WEAR P,1000
50758BL4776P,1000,SPECIALITY WEAR P,1000
50758BL4778P,1000,SPECIALITY WEAR P,1000
50758BL47710P,1000,SPECIALITY WEAR P,1000
50758BL47712P,1000,SPECIALITY WEAR P,1000
50758BL47714P,1000,SPECIALITY WEAR P,1000
50758BL47716P,1000,SPECIALITY WEAR P,1000
50758BL47718P,1000,SPECIALITY WEAR P,1000
50758BL47720P,1000,SPECIALITY WEAR P,1000
50759BL4772PS,1000,SPECIALITY WEAR PS,1000
50759BL4774PS,1000,SPECIALITY WEAR PS,1000
50759BL4776PS,1000,SPECIALITY WEAR PS,1000
50759BL4778PS,1000,SPECIALITY WEAR PS,1000
50759BL47710PS,1000,SPECIALITY WEAR PS,1000
50759BL47712PS,1000,SPECIALITY WEAR PS,1000
50759BL47714PS,1000,SPECIALITY WEAR PS,1000
50759BL47716PS,1000,SPECIALITY WEAR PS,1000
50759BL47718PS,1000,SPECIALITY WEAR PS,1000
50759BL47720PS,1000,SPECIALITY WEAR PS,1000
